duration,src_bytes,dst_bytes,wrong_fragment,count,srv_count,serror_rate,srv_serror_rate,rerror_rate,srv_rerror_rate,attack_binary
102,6374,154,0,45,37,0.75240312,0.090336961,0.005145171,0.35915103,0
435,6892,10729,2,34,98,0.706980461,0.770985926,0.819946917,0.383847152,1
348,1678,1409,1,5,14,0.778571939,0.068249705,0.228625162,0.465812807,0
270,3242,12249,2,81,63,0.143127986,0.837078991,0.908701309,0.835998064,0
106,4636,784,2,68,88,0.204544593,0.437193396,0.001120111,0.235792094,1
71,1059,11367,0,46,27,0.714064082,0.915513677,0.556181735,0.776000207,1
188,6668,8096,1,24,73,0.493981487,0.721532861,0.756635804,0.405310183,1
20,9914,7560,0,65,38,0.754635292,0.610404667,0.258688331,0.601855384,0
102,3157,12533,1,9,56,0.102916031,0.949306797,0.193132865,0.632540533,1
121,5915,7343,1,55,16,0.536481351,0.396649373,0.084098224,0.372848637,1
466,9789,7206,1,29,85,0.378821566,0.954086937,0.326433577,0.512615205,0
214,2693,5596,1,4,89,0.457000219,0.135001277,0.559844312,0.413031175,1
330,3627,5801,1,32,43,0.603957872,0.483754942,0.115843857,0.069132786,0
458,9555,2806,2,64,24,0.502288347,0.269911222,0.376695362,0.437165389,1
87,5450,537,0,17,16,0.539860637,0.539842779,0.009072405,0.097393393,0
372,1663,5986,2,95,12,0.486357482,0.162013878,0.81867942,0.405020799,1
99,9721,1841,1,48,83,0.408955177,0.84152966,0.128448718,0.5929184,1
359,5592,13208,0,10,24,0.771881981,0.846407849,0.283342948,0.579414899,0
151,7392,10647,1,84,67,0.012203072,0.955236313,0.018427719,0.662621279,0
130,1306,8716,0,25,9,0.598442701,0.154672141,0.432240784,0.095261508,1
149,6776,6971,2,62,66,0.565508347,0.623332551,0.840121503,0.652123246,0
308,5864,5625,0,88,17,0.716179075,0.474237309,0.392151211,0.312148057,0
257,9474,2950,0,85,99,0.599029365,0.344383732,0.179497323,0.399045946,0
343,7526,7992,0,58,85,0.826798828,0.351540161,0.753698834,0.857986254,0
491,8901,12323,0,26,33,0.959074795,0.412793551,0.788806982,0.009030404,1
413,5575,4780,0,48,7,0.342524257,0.70492555,0.173753475,0.588412633,1
293,5530,12307,1,76,39,0.227350983,0.598286058,0.770854109,0.59871398,0
385,4413,2368,0,32,82,0.423596862,0.459681513,0.947297888,0.396659776,0
191,3748,12039,0,97,41,0.287929616,0.07593341,0.166377587,0.237027857,0
443,663,6655,2,98,40,0.614950263,0.077765344,0.770984293,0.234674038,0
276,1998,8173,0,0,5,0.911852409,0.002339391,0.708572005,0.88370967,1
160,7994,4495,2,20,51,0.139116194,0.967699388,0.473573888,0.442024374,1
459,1495,10893,1,54,25,0.100794603,0.005253819,0.057920461,0.330889363,0
313,3304,9163,0,5,63,0.256015532,0.103093746,0.074694418,0.448777574,0
21,3763,6002,2,91,97,0.726095586,0.314596557,0.852414659,0.669390401,0
252,5232,6614,2,80,58,0.592962905,0.807430252,0.990148373,0.145756568,1
235,1853,9358,1,68,55,0.102212664,0.962098786,0.676052257,0.449433835,0
344,6585,13403,0,94,58,0.918750522,0.790013559,0.445958307,0.587884371,1
48,1291,13121,0,4,69,0.790084637,0.690560232,0.647573643,0.948583355,0
474,3581,5919,2,2,32,0.023022605,0.521300667,0.594395859,0.252527782,1
58,7554,10966,0,52,52,0.651367211,0.086705212,0.38361226,0.359250748,0
169,7280,10174,2,22,21,0.771246669,0.958170793,0.065626145,0.37935859,1
475,1636,853,0,52,20,0.37443537,0.758392414,0.821512947,0.605538158,0
187,3696,4146,2,36,69,0.068921539,0.638949385,0.371833529,0.356732053,0
463,698,11928,0,73,69,0.077321065,0.759035846,0.818785643,0.533511925,0
270,4737,3769,1,73,3,0.104246966,0.724103329,0.25250875,0.78179033,1
189,854,574,0,82,93,0.840439632,0.63723158,0.00102948,0.705385594,0
445,8164,11453,0,16,74,0.910686198,0.9805768,0.158938283,0.446368647,1
174,5855,1148,1,84,61,0.122810782,0.903363813,0.468539417,0.864216178,1
445,7392,6293,0,77,61,0.235906035,0.646664919,0.944303635,0.55814025,0
50,6528,6457,1,72,93,0.16552051,0.693175211,0.10219362,0.53990584,0
363,5249,14905,0,0,94,0.186320879,0.051595807,0.854209774,0.034187766,0
54,5172,7509,2,50,23,0.837490789,0.669917465,0.527024096,0.98669298,1
243,1707,14640,2,44,54,0.332146413,0.044165438,0.825920766,0.122970809,0
319,5791,9907,0,76,8,0.311444264,0.588263757,0.298374431,0.231130912,1
130,9925,4777,0,3,2,0.227395621,0.9993535,0.839947165,0.051696837,1
484,5535,13125,0,61,30,0.607894394,0.555806581,0.77282278,0.640002967,0
306,4931,3854,2,64,39,0.379305698,0.473210118,0.230053683,0.224701177,0
134,3510,13365,0,31,35,0.744249652,0.312854857,0.131335126,0.180010437,0
20,202,2491,2,33,23,0.205579808,0.120522579,0.868054323,0.088555584,0
328,4218,10852,1,91,94,0.787789889,0.731023671,0.963236653,0.103308957,0
166,8958,14599,2,94,5,0.603721532,0.192599028,0.031302314,0.5846707,0
273,4389,3124,2,71,65,0.1142673,0.115282021,0.731270067,0.688207866,1
387,2327,5691,1,38,83,0.414504584,0.42176266,0.909524511,0.397378988,1
88,8004,3051,2,25,91,0.863518141,0.795341838,0.857360092,0.479897082,1
315,2931,4,0,33,74,0.922960232,0.745064548,0.964520472,0.685967736,0
13,7777,5222,0,53,3,0.465700122,0.054882615,0.760094078,0.01737979,1
241,197,5315,2,2,78,0.480836978,0.455143685,0.442298762,0.323130657,1
264,7125,4869,0,49,5,0.918454725,0.522434576,0.31195199,0.973097748,1
345,1930,876,2,11,93,0.587068224,0.644546651,0.32074274,0.58011223,1
52,6287,9183,0,64,50,0.03284667,0.65016735,0.724422673,0.25422458,1
385,8800,7027,0,53,61,0.912749463,0.364697249,0.745837012,0.521730047,0
339,9339,4142,2,4,56,0.248226443,0.560677194,0.200359144,0.342653488,0
91,4282,6966,0,93,65,0.577631954,0.481061884,0.868122813,0.532244989,1
366,2511,7079,2,93,78,0.165513317,0.884998357,0.71492404,0.125741512,1
443,9986,7987,0,56,74,0.03387916,0.530265133,0.562750286,0.132714654,1
454,659,6799,0,16,7,0.311473171,0.441032162,0.47153246,0.143542362,0
427,2811,12556,1,46,25,0.780495708,0.40448545,0.543232806,0.939819792,0
263,7098,4465,1,22,50,0.277587173,0.572427759,0.159245738,0.732898918,1
430,6546,635,2,78,44,0.220097214,0.803976979,0.203701249,0.162381895,0
34,9561,13417,1,84,43,0.212680784,0.53840149,0.09116449,0.188349084,0
205,1986,1693,2,13,4,0.515173682,0.661655175,0.153658038,0.730829475,1
80,8338,9874,1,65,69,0.975541316,0.737855767,0.453693635,0.156163845,0
419,2911,4752,0,74,25,0.458988988,0.52016811,0.530354394,0.234561293,0
49,1734,8311,2,50,67,0.557305369,0.426817057,0.017861892,0.963346833,1
359,1843,830,2,37,18,0.860632018,0.876665378,0.796797828,0.255306525,0
387,8680,14098,0,63,83,0.535069719,0.417506084,0.294167973,0.66163235,0
1,2976,11867,2,97,96,0.184462871,0.461942851,0.911836035,0.978631287,1
389,1959,5177,2,37,19,0.299595912,0.990341313,0.967511264,0.374296767,0
53,5759,14262,1,49,11,0.309936926,0.000237524,0.185458875,0.017515991,0
105,6694,9561,2,97,46,0.397318115,0.18547291,0.462097291,0.24414729,1
259,2385,8932,0,81,0,0.426788905,0.38396389,0.001231835,0.830877191,1
309,4736,8308,1,29,89,0.799782022,0.932589909,0.598327265,0.864608836,1
476,1802,5949,1,78,13,0.349386999,0.070029706,0.607306448,0.768519365,0
190,8155,2838,0,90,63,0.468231828,0.009485434,0.247539956,0.113109819,1
401,8120,1150,0,50,37,0.624975987,0.052683836,0.558412673,0.795510372,0
217,6616,7560,1,62,36,0.377725947,0.088543411,0.225540142,0.918677797,1
43,5534,1931,2,97,10,0.836564813,0.037596773,0.160825469,0.600609543,0
161,4061,9204,1,51,99,0.587453604,0.479781327,0.651519467,0.940875356,1
201,262,1664,0,37,76,0.294044679,0.580757207,0.325925464,0.826838884,1
445,6287,1081,1,96,2,0.7140592,0.271686971,0.590263939,0.666971517,1
483,8815,12921,0,87,32,0.52764773,0.398287384,0.433246749,0.577185237,1
269,9208,512,1,78,5,0.534455891,0.091699335,0.984351407,0.348573667,0
350,2049,11041,2,29,49,0.481087948,0.336370464,0.149580643,0.159287445,1
303,5423,13407,1,50,9,0.497011949,0.522519192,0.464598597,0.604953923,1
270,4548,7805,1,80,4,0.765356281,0.732271807,0.680456626,0.318111554,0
455,3108,5237,0,4,22,0.102981479,0.003346362,0.395545084,0.866438668,1
461,7158,559,0,28,9,0.334362811,0.467310767,0.974699852,0.993336937,0
214,7400,3672,0,3,43,0.075503364,0.297002876,0.721887628,0.752427763,1
251,3170,12775,1,9,1,0.753246221,0.852821822,0.656983858,0.090481695,1
189,9874,7404,2,55,12,0.272301855,0.715553315,0.757059268,0.288685596,1
295,2255,13184,0,16,39,0.89743041,0.589108534,0.952648638,0.109109632,0
212,1154,3343,0,73,1,0.526578467,0.277265646,0.907818653,0.650511648,1
207,4499,13500,1,16,83,0.800749771,0.910339102,0.724285308,0.765190865,1
236,6295,4070,0,83,64,0.978931436,0.045100677,0.749161639,0.925674831,1
337,6197,12991,2,87,62,0.839788859,0.109467599,0.145922074,0.438172346,0
366,9888,9662,2,68,72,0.86699376,0.391630141,0.102792404,0.90137565,0
52,1648,580,0,33,16,0.407984495,0.124437557,0.570904502,0.877891159,1
279,5539,7004,0,5,8,0.551722595,0.956415698,0.018367637,0.317195717,0
409,9637,10486,1,52,74,0.253888564,0.797989322,0.482356382,0.868900626,1
216,4199,8130,2,65,14,0.1961131,0.258982652,0.21034958,0.375672252,1
251,8445,3147,2,76,23,0.505507879,0.588554229,0.346016568,0.296869275,1
187,2557,4249,0,42,37,0.59504898,0.982330515,0.775804736,0.649074659,1
379,5592,1679,1,74,34,0.339271246,0.884198978,0.941237504,0.328381228,1
492,98,3506,2,22,93,0.569443518,0.600798446,0.072416272,0.630208748,1
40,2200,13284,2,54,94,0.887460483,0.903723967,0.534242206,0.609831805,1
156,2961,7253,1,79,48,0.556721585,0.98918491,0.882533486,0.563438927,0
14,4973,2744,1,94,68,0.720813096,0.743352823,0.082508534,0.380419704,0
300,4433,11548,2,74,61,0.805314967,0.064986409,0.824514047,0.548499722,0
64,2869,12237,2,15,59,0.988728782,0.401580236,0.357801351,0.596485475,0
344,956,9435,1,7,49,0.603197402,0.837825735,0.322094702,0.545686888,0
326,8352,5188,2,3,77,0.806850149,0.230569196,0.977466386,0.444419453,0
8,5699,11310,0,3,74,0.962649319,0.830642518,0.20085909,0.014667057,0
343,6944,13296,0,55,8,0.944409726,0.120338762,0.693193941,0.587061708,1
128,4493,2141,1,24,33,0.141081849,0.046945357,0.821440728,0.168444385,1
491,9492,14061,1,66,75,0.406392308,0.384090611,0.041183495,0.642575969,1
135,4911,13245,1,95,98,0.323990061,0.036731937,0.670385458,0.759344328,1
471,3987,11251,0,66,34,0.086925015,0.957270263,0.951549974,0.500445309,0
62,9719,12740,2,26,0,0.633240775,0.826205696,0.124219967,0.542363665,0
138,6015,13515,0,92,39,0.735904613,0.800769687,0.896221303,0.95147856,1
498,1218,11151,2,31,63,0.848128095,0.629777923,0.594776637,0.847167361,1
80,4496,10457,0,49,21,0.12277689,0.216324023,0.616604582,0.914236516,0
391,4735,6617,2,60,59,0.876444076,0.518260367,0.612944175,0.813766288,1
162,4555,2479,0,50,63,0.642925564,0.597274072,0.298835886,0.108918342,1
418,9146,6484,1,18,92,0.703946135,0.525031501,0.935201815,0.148991856,1
288,8050,12838,0,20,71,0.910624004,0.260233368,0.947350463,0.526623797,1
378,3446,9827,2,4,10,0.624761271,0.515247924,0.62530466,0.246069659,0
260,1045,13600,0,81,13,0.335865857,0.491186341,0.783422726,0.476695475,1
489,6893,7421,0,91,59,0.825107331,0.996335776,0.612257986,0.394365324,1
230,1693,9949,0,41,29,0.363059212,0.897436148,0.484398448,0.549414238,0
40,3436,4452,1,60,34,0.034228111,0.463380748,0.660820118,0.746875716,0
27,8754,10262,0,21,84,0.830654507,0.622937383,0.553001453,0.715490907,1
134,5895,5881,1,20,36,0.345192145,0.747871604,0.597475863,0.521234132,0
200,3354,6665,1,69,4,0.773834523,0.03486516,0.783832553,0.822393419,1
327,225,14069,0,0,82,0.362757895,0.894921441,0.480903831,0.430862092,1
267,4893,2849,0,4,77,0.86106802,0.860126816,0.040754106,0.89671429,0
417,7022,11443,0,11,25,0.219510525,0.457432098,0.163999481,0.07128027,1
32,9151,7390,2,89,61,0.974547265,0.391169766,0.438607216,0.95466003,1
47,5600,6905,0,45,3,0.779758775,0.272959375,0.72482656,0.654693081,1
406,7996,11922,1,33,88,0.114237926,0.476676828,0.593278648,0.380074509,1
61,9007,2489,0,48,41,0.56577662,0.044376664,0.650294186,0.197154127,0
215,7683,9823,2,77,88,0.985367312,0.852193533,0.479278929,0.479183229,0
292,4642,11008,0,89,17,0.471065453,0.035422368,0.615742022,0.194558323,1
98,7679,9207,2,44,39,0.182107139,0.329051365,0.329017438,0.166331608,0
171,8208,9540,2,26,71,0.484778367,0.931589488,0.470182593,0.617351757,1
359,7339,4611,0,72,38,0.512457656,0.735212655,0.744279066,0.523084725,1
213,9435,11279,1,25,13,0.741686944,0.281390961,0.871832779,0.670096035,1
474,2205,2839,2,46,31,0.698845853,0.252649094,0.433655334,0.929605877,1
34,1069,8527,0,85,50,0.402550044,0.00508214,0.043661658,0.532260213,1
448,3444,5878,0,55,37,0.218023107,0.695714293,0.161672544,0.580932053,0
226,1060,14593,1,93,96,0.645054168,0.048783582,0.020861139,0.089626339,1
100,2327,12784,2,62,22,0.421703935,0.532602519,0.653263019,0.717635786,0
430,3420,9087,2,47,62,0.132276211,0.962121973,0.332314625,0.399905207,0
461,301,6303,0,60,14,0.900572301,0.10946886,0.542478636,0.976725239,1
130,606,11738,0,80,96,0.691221858,0.894479931,0.493276847,0.823174016,1
256,3170,851,1,25,24,0.683183856,0.991475335,0.08152649,0.522481041,1
4,699,1687,1,35,16,0.822583876,0.061517026,0.403261361,0.123222654,1
217,5088,10123,2,0,96,0.529661679,0.882906269,0.220561125,0.859415793,1
254,9331,6833,2,7,65,0.815054428,0.51607902,0.418399789,0.799781095,0
397,190,11938,0,98,77,0.498090754,0.906513719,0.20357828,0.18458513,1
358,980,2427,2,51,52,0.0671754,0.571318942,0.840452406,0.295278289,1
282,2975,9760,1,78,50,0.405248088,0.66211201,0.174193337,0.793407258,0
392,6102,4000,1,46,38,0.497464894,0.543778908,0.960780551,0.185228447,0
206,1184,5052,0,55,50,0.720202582,0.86449288,0.415907366,0.917752489,1
14,3327,2738,1,85,69,0.10657873,0.733909919,0.846245292,0.424527425,0
345,3394,11690,1,13,5,0.140018539,0.521260312,0.628764818,0.087038963,1
41,8319,5732,1,89,66,0.263683803,0.868160804,0.735350299,0.815748644,0
379,1816,5387,1,27,6,0.266498393,0.245285532,0.767723888,0.373509683,0
460,5854,8002,0,86,50,0.732184578,0.15734066,0.504844882,0.526499194,1
178,6709,5536,0,77,71,0.250730661,0.160400105,0.543300523,0.112304344,0
62,569,13479,2,87,41,0.633098063,0.334008879,0.513995868,0.002584015,0
351,5442,3913,1,1,63,0.49427385,0.238690031,0.588058378,0.637985206,0
230,1895,1066,2,25,14,0.573294378,0.930090351,0.029394446,0.51517517,0
240,2733,7723,0,13,28,0.838106963,0.105834094,0.39551517,0.593538569,0
51,3863,4380,0,58,32,0.404381502,0.698990738,0.606188714,0.79374385,0
95,7455,10636,0,55,93,0.770911377,0.18922154,0.597723565,0.646605913,1
387,4014,4107,0,6,26,0.42203606,0.881637133,0.792956095,0.174773443,1
221,1686,5726,0,2,35,0.353871377,0.961315288,0.655009339,0.360772519,0
484,3009,3373,0,22,28,0.958627177,0.465470009,0.992133316,0.905891105,1
406,7806,12161,0,17,37,0.184370921,0.87907148,0.283854529,0.7699447,1
